都市ID,都道府県,市区名,ランク,アプリ公開中,品目数,最低料金,最高料金,データ作成日,公式ページURL,確認日,確認者,確認結果,修正内容メモ,次回確認予定
01100,北海道,札幌市,A,○,93,200,2000,2026-05-20,https://www.city.sapporo.jp/seiso/gomi/oogatagomi.html,,,,,2027-04
01202,北海道,函館市,B,○,51,200,600,2026-05-20,https://www.city.hakodate.hokkaido.jp/docs/2014011400153/,,,,,2027-04
01203,北海道,小樽市,C,×(未公開),,,,,,,,,,2027-04
01204,北海道,旭川市,B,○,57,300,650,2026-05-20,https://www.city.asahikawa.hokkaido.jp/kurashi/271/272/273/p005894.html,,,,,2027-04
01206,北海道,釧路市,C,○,50,392,1176,2026-05-20,https://www.city.kushiro.lg.jp/kurashi/gomi/1004217/1004221.html,,,,,2027-04
01207,北海道,帯広市,C,○,52,200,800,2026-05-20,https://www.city.obihiro.hokkaido.jp/kurashi/gomi/shushu1/1002770.html,,,,,2027-04
01208,北海道,北見市,C,×(未公開),,,,,,,,,,2027-04
01220,北海道,苫小牧市,C,×(未公開),,,,,,,,,,2027-04
01231,北海道,江別市,C,×(未公開),,,,,,,,,,2027-04
02201,青森県,青森市,B,○,50,820,1640,2026-05-20,https://www.city.aomori.aomori.jp/kurashi_kankyo/gomi/1001942/1001944/1001953.html,,,,,2027-04
02202,青森県,弘前市,C,×(未公開),,,,,,,,,,2027-04
02203,青森県,八戸市,B,○,50,520,1560,2026-05-20,https://www.city.hachinohe.aomori.jp/soshikikarasagasu/kankyoseisakuka/gomi_kankyo_pet/1/1/4211.html,,,,,2027-04
03201,岩手県,盛岡市,B,○,53,600,1200,2026-05-20,https://www.city.morioka.iwate.jp/kurashi/1033364/1031494/1033219/1033209.html,,,,,2027-04
03209,岩手県,花巻市,C,×(未公開),,,,,,,,,,2027-04
03215,岩手県,奥州市,C,×(未公開),,,,,,,,,,2027-04
04100,宮城県,仙台市,A,○,83,400,3000,2026-05-20,https://www.city.sendai.jp/haiki-kanri/kurashi/machi/genryo/gomi/wakekata/sodaigomi.html,,,,,2027-04
04202,宮城県,石巻市,C,×(未公開),,,,,,,,,,2027-04
04215,宮城県,大崎市,C,×(未公開),,,,,,,,,,2027-04
04216,宮城県,富谷市,C,×(未公開),,,,,,,,,,2027-04
05201,秋田県,秋田市,B,○,52,200,1000,2026-05-20,https://www.city.akita.lg.jp/kurashi/recycle/1006080/1006201.html,,,,,2027-04
05202,秋田県,横手市,C,×(未公開),,,,,,,,,,2027-04
06201,山形県,山形市,B,○,52,500,1500,2026-05-20,https://www.city.yamagata-yamagata.lg.jp/kurashi/gomi/1006506/1006508/1001914.html,,,,,2027-04
06202,山形県,鶴岡市,C,×(未公開),,,,,,,,,,2027-04
06203,山形県,酒田市,C,×(未公開),,,,,,,,,,2027-04
07201,福島県,福島市,B,○,46,,,2026-05-20,https://www.city.fukushima.fukushima.jp/kurashi/gomi-recycle/1/2/7857.html,,,,,2027-04
07202,福島県,会津若松市,C,×(未公開),,,,,,,,,,2027-04
07203,福島県,郡山市,B,○,49,,,2026-05-20,https://www.city.koriyama.lg.jp/soshiki/55/1046.html,,,,,2027-04
07204,福島県,いわき市,B,○,53,520,1560,2026-05-20,https://www.city.iwaki.lg.jp/www/contents/1001000001954/index.html,,,,,2027-04
08201,茨城県,水戸市,B,○,14,1000,2000,2026-05-10,https://www.city.mito.lg.jp/page/001500.html,,,,,2027-04
08202,茨城県,日立市,C,○,2,630,1260,2026-05-10,https://www.city.hitachi.lg.jp/gomi_kankyou/cat50002/p027948.html,,,,,2027-04
08203,茨城県,土浦市,C,○,10,500,1000,2026-05-10,https://www.city.tsuchiura.lg.jp/page/page000379.html,,,,,2027-04
08204,茨城県,古河市,C,○,3,200,200,2026-05-10,https://www.city.ibaraki-koga.lg.jp/kurashi/gomi/sodaigomi/,,,,,2027-04
08205,茨城県,石岡市,C,○,6,500,1000,2026-05-10,https://www.city.ishioka.lg.jp/kurashi/gomi/sodaigomi/,,,,,2027-04
08207,茨城県,結城市,C,○,6,500,1000,2026-05-10,https://www.city.yuki.ibaraki.jp/kurashi/gomi/sodaigomi/,,,,,2027-04
08210,茨城県,龍ケ崎市,C,○,1,1570,1570,2026-05-10,https://www.city.ryugasaki.ibaraki.jp/kurashi/gomi/sodaigomi/,,,,,2027-04
08215,茨城県,取手市,C,○,1,500,500,2026-05-10,https://www.city.toride.ibaraki.jp/kurashi/gomi/sodaigomi/,,,,,2027-04
08217,茨城県,牛久市,C,○,4,1000,2500,2026-05-10,https://www.city.ushiku.ibaraki.jp/kurashi/gomi/sodaigomi/,,,,,2027-04
08218,茨城県,つくば市,B,○,11,500,2000,2026-05-10,https://www.city.tsukuba.lg.jp/kurashi/gomi/sodaigomi/,,,,,2027-04
08220,茨城県,ひたちなか市,C,○,8,500,1000,2026-05-10,https://www.city.hitachinaka.ibaraki.jp/kankyou/gomi/sodaigomi/,,,,,2027-04
08221,茨城県,鹿嶋市,C,○,6,500,1000,2026-05-10,https://www.city.kashima.ibaraki.jp/kurashi/gomi/sodaigomi/,,,,,2027-04
08222,茨城県,潮来市,C,○,6,500,1000,2026-05-10,https://www.city.itako.lg.jp/kurashi/gomi/sodaigomi/,,,,,2027-04
08224,茨城県,守谷市,C,○,7,500,1000,2026-05-10,https://www.city.moriya.ibaraki.jp/kurashi/gomi/sodaigomi/,,,,,2027-04
08232,茨城県,筑西市,C,○,7,500,1000,2026-05-10,https://www.city.chikusei.ibaraki.jp/kurashi/gomi/sodaigomi/,,,,,2027-04
09201,栃木県,宇都宮市,B,○,1,840,840,2026-05-10,https://www.city.utsunomiya.tochigi.jp/kurashi/gomi/sodaigomi/,,,,,2027-04
09202,栃木県,足利市,C,○,1,1460,1460,2026-05-10,https://www.city.ashikaga.tochigi.jp/kankyou/gomi/sodaigomi/,,,,,2027-04
09203,栃木県,栃木市,C,○,1,250,250,2026-05-10,https://www.city.tochigi.lg.jp/site/gomi/sodaigomi.html,,,,,2027-04
09204,栃木県,佐野市,C,○,2,220,1650,2026-05-10,https://www.city.sano.tochigi.jp/kurashi/gomi/sodaigomi/,,,,,2027-04
09205,栃木県,鹿沼市,C,○,2,500,2000,2026-05-10,https://www.city.kanuma.tochigi.jp/kurashi/gomi/sodaigomi/,,,,,2027-04
09206,栃木県,日光市,C,○,3,1030,3130,2026-05-10,https://www.city.nikko.lg.jp/kurashi/gomi/sodaigomi/,,,,,2027-04
09208,栃木県,小山市,B,○,1,1000,1000,2026-05-10,https://www.city.oyama.tochigi.jp/kankyou/gomi/sodaigomi/,,,,,2027-04
09209,栃木県,真岡市,C,○,1,,,2026-05-10,https://www.city.moka.lg.jp/kurashi/gomi/sodaigomi/,,,,,2027-04
09210,栃木県,大田原市,C,○,3,1000,3000,2026-05-10,https://www.city.ohtawara.tochigi.jp/kankyou/gomi/sodaigomi/,,,,,2027-04
09212,栃木県,那須塩原市,C,○,1,150,150,2026-05-10,https://www.city.nasushiobara.lg.jp/kurashi/gomi/sodaigomi/,,,,,2027-04
09214,栃木県,下野市,C,○,1,,,2026-05-10,https://www.city.shimotsuke.lg.jp/kurashi/gomi/sodaigomi/,,,,,2027-04
10201,群馬県,前橋市,B,○,2,180,180,2026-05-10,https://www.city.maebashi.gunma.jp/kurashi/1/4/2/index.html,,,,,2027-04
10202,群馬県,高崎市,B,○,1,520,520,2026-05-10,https://www.city.takasaki.gunma.jp/kurashi/gomi/sodaigomi/,,,,,2027-04
10203,群馬県,桐生市,C,○,2,420,630,2026-05-10,https://www.city.kiryu.lg.jp/kurashi/gomi/sodaigomi/,,,,,2027-04
10204,群馬県,伊勢崎市,C,○,2,120,120,2026-05-10,https://www.city.isesaki.lg.jp/kurashi/gomi/sodaigomi/,,,,,2027-04
10205,群馬県,太田市,B,○,16,220,1100,2026-05-10,https://www.city.ota.gunma.jp/kurashi/gomi/sodaigomi/,,,,,2027-04
10206,群馬県,沼田市,C,○,2,50,200,2026-05-10,https://www.city.numata.gunma.jp/kurashi/gomi/sodaigomi/,,,,,2027-04
10207,群馬県,館林市,C,○,1,220,220,2026-05-10,https://www.city.tatebayashi.gunma.jp/kurashi/gomi/sodaigomi/,,,,,2027-04
10208,群馬県,渋川市,C,○,1,220,220,2026-05-10,https://www.city.shibukawa.lg.jp/kurashi/gomi/sodaigomi/,,,,,2027-04
10209,群馬県,藤岡市,C,○,1,33,33,2026-05-10,https://www.city.fujioka.gunma.jp/kurashi/gomi/sodaigomi/,,,,,2027-04
10210,群馬県,富岡市,C,○,1,,,2026-05-10,https://www.city.tomioka.lg.jp/kurashi/gomi/sodaigomi/,,,,,2027-04
10212,群馬県,みどり市,C,○,1,500,500,2026-05-10,https://www.city.midori.gunma.jp/kurashi/gomi/sodaigomi/,,,,,2027-04
11100,埼玉県,さいたま市,A,○,13,550,2200,2026-05-10,https://www.city.saitama.lg.jp/006/011/002/sodaigomi/,,,,,2027-04
11201,埼玉県,川越市,B,○,18,500,2000,2026-05-10,https://www.city.kawagoe.saitama.jp/kurashi/gomi/sodaigomi/,,,,,2027-04
11202,埼玉県,熊谷市,C,○,14,,,2026-05-11,https://www.city.kumagaya.lg.jp/kurashi/gomi/sodaigomi/,,,,,2027-04
11203,埼玉県,川口市,B,○,18,310,7750,2026-05-10,https://www.city.kawaguchi.lg.jp/kurashi/19/120/2/2/,,,,,2027-04
11204,埼玉県,行田市,C,○,10,,,2026-05-11,https://www.city.gyoda.lg.jp/kurashi/gomi/sodaigomi.html,,,,,2027-04
11206,埼玉県,秩父市,C,○,7,200,200,2026-05-11,https://www.city.chichibu.lg.jp/1660.html,,,,,2027-04
11207,埼玉県,所沢市,B,○,12,500,2000,2026-05-11,https://www.city.tokorozawa.saitama.jp/kurashi/gomi/sodaigomi/,,,,,2027-04
11208,埼玉県,飯能市,C,○,12,500,2000,2026-05-10,https://www.city.hanno.lg.jp/kurashi/gomi/sodaigomi/,,,,,2027-04
11209,埼玉県,加須市,C,○,11,500,500,2026-05-11,https://www.city.kazo.lg.jp/kurashi/gomi/sodaigomi/,,,,,2027-04
11210,埼玉県,本庄市,C,○,10,200,1000,2026-05-11,https://www.city.honjo.lg.jp/kurashi/gomi/sodaigomi/,,,,,2027-04
11211,埼玉県,東松山市,C,○,29,200,1540,2026-05-11,https://www.city.higashimatsuyama.lg.jp/kurashi/gomi/sodaigomi/,,,,,2027-04
11213,埼玉県,春日部市,B,○,11,500,2000,2026-05-11,https://www.city.kasukabe.lg.jp/kurashi/gomi/sodaigomi/,,,,,2027-04
11214,埼玉県,狭山市,C,○,7,200,1800,2026-05-11,https://www.city.sayama.saitama.jp/kurashi/gomi/sodaigomi/,,,,,2027-04
11215,埼玉県,羽生市,C,○,7,,,2026-05-11,https://www.city.hanyu.lg.jp/kurashi/gomi/sodaigomi/,,,,,2027-04
11216,埼玉県,鴻巣市,C,○,9,100,1500,2026-05-11,https://www.city.kounosu.saitama.jp/kurashi/gomi/sodaigomi/,,,,,2027-04
11217,埼玉県,深谷市,C,○,16,,,2026-05-11,https://www.city.fukaya.saitama.jp/kurashi/gomi/sodaigomi/,,,,,2027-04
11218,埼玉県,上尾市,B,○,4,250,1000,2026-05-11,https://www.city.ageo.lg.jp/page/pageind.html,,,,,2027-04
11220,埼玉県,草加市,B,○,8,200,2000,2026-05-11,https://www.city.soka.saitama.jp/cont/s1400/sodaigomi/,,,,,2027-04
11221,埼玉県,越谷市,B,○,6,400,2800,2026-05-11,https://www.city.koshigaya.saitama.jp/kurashi_guide/gomi/sodaigomi/,,,,,2027-04
11222,埼玉県,蕨市,C,○,8,550,550,2026-05-11,https://www.city.warabi.saitama.jp/kurashi/gomi/sodaigomi/,,,,,2027-04
11223,埼玉県,戸田市,C,○,9,400,400,2026-05-11,https://www.city.toda.saitama.jp/0000015219.html,,,,,2027-04
11224,埼玉県,入間市,C,○,31,200,1500,2026-05-11,https://www.city.iruma.saitama.jp/kurashi/gomi/sodaigomi/,,,,,2027-04
11226,埼玉県,朝霞市,C,○,25,300,1500,2026-05-11,https://www.city.asaka.lg.jp/site/kurashigu/sodaigomi.html,,,,,2027-04
11227,埼玉県,志木市,C,○,19,310,3120,2026-05-11,https://www.city.shiki.lg.jp/kurashi/gomi/sodaigomi/,,,,,2027-04
11228,埼玉県,和光市,C,○,11,500,1500,2026-05-11,https://www.city.wako.lg.jp/kurashi/gomi/sodaigomi/,,,,,2027-04
11229,埼玉県,新座市,C,○,15,310,3140,2026-05-11,https://www.city.niiza.lg.jp/kurashi/gomi/sodaigomi/,,,,,2027-04
11230,埼玉県,桶川市,C,○,12,300,1600,2026-05-11,https://www.city.okegawa.lg.jp/kurashi/gomi/sodaigomi/,,,,,2027-04
11231,埼玉県,久喜市,C,○,8,550,550,2026-05-11,https://www.city.kuki.lg.jp/kurashi/gomi/sodaigomi/,,,,,2027-04
11232,埼玉県,北本市,C,○,9,300,1000,2026-05-11,https://www.city.kitamoto.saitama.jp/kurashi/gomi/sodaigomi/,,,,,2027-04
11233,埼玉県,八潮市,C,○,6,250,2000,2026-05-11,https://www.city.yashio.lg.jp/kurashi/gomi/sodaigomi/,,,,,2027-04
11234,埼玉県,富士見市,C,○,6,250,250,2026-05-11,https://www.city.fujimi.saitama.jp/kurashi/gomi/sodaigomi/,,,,,2027-04
11236,埼玉県,三郷市,C,○,6,500,1000,2026-05-11,https://www.city.misato.lg.jp/kurashi/gomi/sodaigomi/,,,,,2027-04
11237,埼玉県,蓮田市,C,○,7,,,2026-05-11,https://www.city.hasuda.saitama.jp/kurashi/gomi/sodaigomi/,,,,,2027-04
11238,埼玉県,坂戸市,C,○,10,200,1500,2026-05-11,https://www.city.sakado.lg.jp/kurashi/gomi/sodaigomi/,,,,,2027-04
11239,埼玉県,幸手市,C,○,6,,,2026-05-11,https://www.city.satte.saitama.jp/kurashi/gomi/sodaigomi/,,,,,2027-04
11240,埼玉県,鶴ヶ島市,C,○,15,200,1000,2026-05-11,https://www.city.tsurugashima.saitama.jp/kurashi/gomi/sodaigomi/,,,,,2027-04
11241,埼玉県,日高市,C,○,12,500,1500,2026-05-11,https://www.city.hidaka.lg.jp/kurashi/gomi/sodaigomi/,,,,,2027-04
11242,埼玉県,吉川市,C,○,11,500,1500,2026-05-11,https://www.city.yoshikawa.saitama.jp/kurashi/gomi/sodaigomi/,,,,,2027-04
11244,埼玉県,ふじみ野市,C,○,18,500,1500,2026-05-11,https://www.city.fujimino.saitama.jp/kurashi/gomi/sodaigomi/,,,,,2027-04
11245,埼玉県,白岡市,C,○,10,,,2026-05-11,https://www.city.shiraoka.lg.jp/kurashi/gomi/sodaigomi/,,,,,2027-04
12100,千葉県,千葉市,A,○,84,390,1560,2026-05-10,https://www.city.chiba.jp/kankyo/haikibutsu/sodaigomi/,,,,,2027-04
12202,千葉県,銚子市,C,○,6,100,100,2026-05-11,https://www.city.choshi.chiba.jp/kurashi/gomi/sodaigomi/,,,,,2027-04
12203,千葉県,市川市,B,○,25,520,2620,2026-05-10,https://www.city.ichikawa.lg.jp/env01/1111000002.html,,,,,2027-04
12204,千葉県,船橋市,B,○,46,370,1480,2026-05-10,https://www.city.funabashi.lg.jp/machi/gomi/002/p009786.html,,,,,2027-04
12205,千葉県,館山市,C,○,15,500,500,2026-05-11,https://www.city.tateyama.chiba.jp/kankyoubu/page100008.html,,,,,2027-04
12206,千葉県,木更津市,C,○,15,800,800,2026-05-11,https://www.city.kisarazu.lg.jp/kurashi/kankyou/gomi/sodaigomi/,,,,,2027-04
12207,千葉県,松戸市,B,○,21,1000,1000,2026-05-10,https://www.city.matsudo.chiba.jp/kurasi/gomi_houki/sodaigomi/,,,,,2027-04
12208,千葉県,野田市,C,○,15,550,1100,2026-05-11,https://www.city.noda.chiba.jp/kurashi/gomi/sodaigomi/,,,,,2027-04
12210,千葉県,茂原市,C,○,17,478,478,2026-05-11,https://www.city.mobara.chiba.jp/kurashi/gomi/sodaigomi/,,,,,2027-04
12211,千葉県,成田市,C,○,12,,,2026-05-11,https://www.city.narita.chiba.jp/kanky/gomi/sodaigomi/,,,,,2027-04
12212,千葉県,佐倉市,C,○,18,500,1500,2026-05-11,https://www.city.sakura.lg.jp/soshiki/kankyo/gomi/sodaigomi/,,,,,2027-04
12214,千葉県,習志野市,C,○,43,600,3000,2026-05-11,https://www.city.narashino.lg.jp/joho/gomi/sodaigomi/,,,,,2027-04
12215,千葉県,柏市,B,○,14,1100,1100,2026-05-11,https://www.city.kashiwa.lg.jp/kankyou/gomi/sodaigomi/,,,,,2027-04
12217,千葉県,市原市,B,○,23,1100,1100,2026-05-10,https://www.city.ichihara.chiba.jp/kurasi/gomi/sodaigomi/,,,,,2027-04
12218,千葉県,流山市,C,○,18,1100,1100,2026-05-11,https://www.city.nagareyama.chiba.jp/section/kankyo-kanri/sodaigomi.html,,,,,2027-04
12219,千葉県,八千代市,C,○,27,300,900,2026-05-11,https://www.city.yachiyo.chiba.jp/kurashi/gomi/sodaigomi/,,,,,2027-04
12220,千葉県,我孫子市,C,○,25,700,700,2026-05-11,https://www.city.abiko.chiba.jp/kankyou/gomi/sodaigomi/,,,,,2027-04
12222,千葉県,鎌ヶ谷市,C,○,13,440,880,2026-05-11,https://www.city.kamagaya.chiba.jp/kurashi/gomi/sodaigomi/,,,,,2027-04
12224,千葉県,君津市,C,○,14,430,860,2026-05-11,https://www.city.kimitsu.lg.jp/kurashi/gomi/sodaigomi/,,,,,2027-04
12225,千葉県,富津市,C,○,18,90,800,2026-05-11,https://www.city.futtsu.lg.jp/kankyou/gomi/sodaigomi/,,,,,2027-04
12226,千葉県,浦安市,C,○,92,520,2600,2026-05-11,https://www.city.urayasu.lg.jp/municipal/waste/large/,,,,,2027-04
12228,千葉県,四街道市,C,○,30,200,2400,2026-05-11,https://www.city.yotsukaido.chiba.jp/kurashi/gomi/sodaigomi/,,,,,2027-04
12231,千葉県,袖ケ浦市,C,○,86,100,1000,2026-05-11,https://www.city.sodegaura.lg.jp/kankyou/gomi/sodaigomi/,,,,,2027-04
12233,千葉県,印西市,C,○,25,,,2026-05-11,https://www.city.inzai.lg.jp/kurashi/gomi/sodaigomi/,,,,,2027-04
12234,千葉県,白井市,C,○,51,520,2080,2026-05-11,https://www.city.shiroi.chiba.jp/kurashi/gomi/sodaigomi/,,,,,2027-04
13101,東京都,千代田区,A,○,344,300,2200,2026-05-07,https://www.city.chiyoda.lg.jp/koho/kurashi/gomi/sodaigomi/,,,,,2027-04
13102,東京都,中央区,A,○,310,200,3200,2026-05-08,https://www.city.chuo.lg.jp/kurasi/gomi/sodaigomi/,,,,,2027-04
13103,東京都,港区,A,○,274,400,3200,2026-05-07,https://www.city.minato.tokyo.jp/gomi-recycle/sodaigomi/,,,,,2027-04
13104,東京都,新宿区,A,○,232,400,3200,2026-05-07,https://www.city.shinjuku.lg.jp/seikatsu/gomi04_000005.html,,,,,2027-04
13105,東京都,文京区,A,○,265,400,3200,2026-05-08,https://www.city.bunkyo.lg.jp/toshikankyo/gomi/sodaigomi/,,,,,2027-04
13106,東京都,台東区,A,○,267,400,3200,2026-05-08,https://www.city.taito.lg.jp/gomi_recycle/sodaigomi/,,,,,2027-04
13107,東京都,墨田区,A,○,238,400,3200,2026-05-08,https://www.city.sumida.lg.jp/kurashi_guide/gomi/sodaigomi/,,,,,2027-04
13108,東京都,江東区,A,○,269,400,3200,2026-05-08,https://www.city.koto.lg.jp/390001/kurashi/gomi/sodaigomi/,,,,,2027-04
13109,東京都,品川区,A,○,276,400,2100,2026-05-08,https://www.city.shinagawa.tokyo.jp/PC/kankyo/kankyo-gomi/sodaigomi/,,,,,2027-04
13110,東京都,目黒区,A,○,200,400,3000,2026-05-08,https://www.city.meguro.tokyo.jp/kurashi/gomi/sodaigomi/,,,,,2027-04
13111,東京都,大田区,A,○,217,300,3200,2026-05-08,https://www.city.ota.tokyo.jp/seikatsu/gomi/sodaigomi/,,,,,2027-04
13112,東京都,世田谷区,A,○,284,400,3200,2026-05-08,https://www.city.setagaya.lg.jp/mokuji/kurashi/002/004/d00138882.html,,,,,2027-04
13113,東京都,渋谷区,A,○,209,400,3200,2026-05-08,https://www.city.shibuya.tokyo.jp/kurashi/gomi/sodaigomi/,,,,,2027-04
13114,東京都,中野区,A,○,318,400,3200,2026-05-08,https://www.city.tokyo-nakano.lg.jp/kurashi/gomi/sodaigomi/,,,,,2027-04
13115,東京都,杉並区,A,○,446,400,3200,2026-05-08,https://www.city.suginami.tokyo.jp/guide/gomi/sodaigomi/,,,,,2027-04
13116,東京都,豊島区,A,○,385,400,3200,2026-05-08,https://www.city.toshima.lg.jp/171/kurashi/gomi/sodaigomi/,,,,,2027-04
13117,東京都,北区,A,○,288,400,3200,2026-05-08,https://www.city.kita.tokyo.jp/gomi/sodaigomi/,,,,,2027-04
13118,東京都,荒川区,A,○,210,300,3200,2026-05-08,https://www.city.arakawa.tokyo.jp/a038/kankyo/gomi/sodaigomi/,,,,,2027-04
13119,東京都,板橋区,A,○,239,400,3200,2026-05-08,https://www.city.itabashi.tokyo.jp/kurashi/gomi_recycle/sodaigomi/,,,,,2027-04
13120,東京都,練馬区,A,○,305,400,3200,2026-05-08,https://www.city.nerima.tokyo.jp/kurashi/gomi/sodaigomi/,,,,,2027-04
13121,東京都,足立区,A,○,215,400,2800,2026-05-08,https://www.city.adachi.tokyo.jp/gomi/sodaigomi/,,,,,2027-04
13122,東京都,葛飾区,A,○,285,300,3200,2026-05-08,https://www.city.katsushika.lg.jp/kurashi/1000058/1003839/1003845.html,,,,,2027-04
13123,東京都,江戸川区,A,○,346,400,3200,2026-05-08,https://www.city.edogawa.tokyo.jp/e004/kurashi/gomi/sodaigomi/,,,,,2027-04
13201,東京都,八王子市,B,○,296,200,2900,2026-05-08,https://www.city.hachioji.tokyo.jp/kurashi/gomi/kateigomi/sodaigomi/,,,,,2027-04
13202,東京都,立川市,C,○,257,100,1000,2026-05-08,https://www.city.tachikawa.lg.jp/shiminseikatsu/gomi/,,,,,2027-04
13203,東京都,武蔵野市,C,○,224,200,3000,2026-05-08,https://www.city.musashino.lg.jp/kurashi_guide/gomi_recycle/,,,,,2027-04
13204,東京都,三鷹市,C,○,245,200,3000,2026-05-08,https://www.city.mitaka.lg.jp/c_service/cat0029/,,,,,2027-04
13205,東京都,青梅市,C,○,262,200,1900,2026-05-08,https://www.city.ome.tokyo.jp/soshiki/23/,,,,,2027-04
13206,東京都,府中市,B,○,612,200,3000,2026-05-08,https://www.city.fuchu.tokyo.jp/kurashi/gomi/sodaigomi/,,,,,2027-04
13207,東京都,昭島市,C,○,239,500,2000,2026-05-08,https://www.city.akishima.lg.jp/s032/010/020/010/,,,,,2027-04
13208,東京都,調布市,B,○,302,315,4410,2026-05-08,https://www.city.chofu.lg.jp/kurashi/gomi/,,,,,2027-04
13209,東京都,町田市,B,○,245,400,3200,2026-05-08,https://www.city.machida.tokyo.jp/kurashi/kankyo/gomishigen/sodaigomi/,,,,,2027-04
13210,東京都,小金井市,C,○,220,200,4000,2026-05-08,https://www.city.koganei.lg.jp/smph/kurashi/gomi/,,,,,2027-04
13211,東京都,小平市,C,○,259,200,2000,2026-05-08,https://www.city.kodaira.tokyo.jp/kurashi/002/002148.html,,,,,2027-04
13212,東京都,日野市,C,○,253,200,3000,2026-05-08,https://www.city.hino.lg.jp/kurashi/gomi/sodaigomi/,,,,,2027-04
13213,東京都,東村山市,C,○,228,300,2700,2026-05-08,https://www.city.higashimurayama.tokyo.jp/kurashi/gomi/,,,,,2027-04
13214,東京都,国分寺市,C,○,225,200,3000,2026-05-08,https://www.city.kokubunji.tokyo.jp/kurashi/2/7/,,,,,2027-04
13215,東京都,国立市,C,○,225,200,2000,2026-05-08,https://www.city.kunitachi.tokyo.jp/kurashi/gomi/sodaigomi/,,,,,2027-04
13218,東京都,福生市,C,○,279,200,2600,2026-05-08,https://www.city.fussa.tokyo.jp/life/garbege/sodaigomi/,,,,,2027-04
13219,東京都,狛江市,C,○,256,300,2000,2026-05-08,"https://www.city.komae.tokyo.jp/index.cfm/40,3617",,,,,2027-04
13220,東京都,東大和市,C,○,280,200,3000,2026-05-08,https://www.city.higashiyamato.lg.jp/kurashi/gomishigen/sodaigomi/,,,,,2027-04
13221,東京都,清瀬市,C,○,257,200,2000,2026-05-08,https://www.city.kiyose.lg.jp/kurashi/gomi/,,,,,2027-04
13222,東京都,東久留米市,C,○,225,200,2000,2026-05-08,https://www.city.higashikurume.lg.jp/kurashi/gomi/,,,,,2027-04
13223,東京都,武蔵村山市,C,○,213,100,2000,2026-05-08,https://www.city.musashimurayama.lg.jp/kurashi/gomi/sodaigomi/,,,,,2027-04
13224,東京都,多摩市,C,○,231,200,2400,2026-05-08,https://www.city.tama.tokyo.jp/kurashi/gomi/sodaigomi/,,,,,2027-04
13225,東京都,稲城市,C,○,226,300,4800,2026-05-08,https://www.city.inagi.tokyo.jp/kurashi/gomi/sodaigomi/,,,,,2027-04
13227,東京都,羽村市,C,○,287,300,5000,2026-05-08,https://www.city.hamura.tokyo.jp/0000001283.html,,,,,2027-04
13228,東京都,あきる野市,C,○,3,200,1000,2026-05-08,https://www.city.akiruno.tokyo.jp/category/3-3-0-0-0-0-0-0-0-0.html,,,,,2027-04
13229,東京都,西東京市,C,○,223,200,2500,2026-05-08,https://www.city.nishitokyo.lg.jp/kurasi/gomi_recycle/sodaigomi/,,,,,2027-04
13303,東京都,瑞穂町,C,○,10,,,2026-05-11,https://www.town.mizuho.tokyo.jp/kurashi/005/006/p000630.html,,,,,2027-04
13305,東京都,日の出町,C,○,10,,,2026-05-11,https://www.town.hinode.tokyo.jp/category/1-4-2-0-0-0-0-0-0-0.html,,,,,2027-04
13307,東京都,檜原村,C,○,10,,,2026-05-11,https://www.vill.hinohara.tokyo.jp/0000001092.html,,,,,2027-04
13308,東京都,奥多摩町,C,○,10,200,600,2026-05-11,https://www.town.okutama.tokyo.jp/gyosei/2/seikatsu_kankyo/gomi_recycle/1/1642.html,,,,,2027-04
14100,神奈川県,横浜市,A,○,88,200,2200,2026-05-10,https://www.city.yokohama.lg.jp/kurashi/machizukuri-kankyo/gomi-recycle/sodaigomi/,,,,,2027-04
14130,神奈川県,川崎市,A,○,79,300,1200,2026-05-10,https://www.city.kawasaki.jp/300/category/57-2-0-0-0-0-0-0-0-0.html,,,,,2027-04
14150,神奈川県,相模原市,A,○,112,400,3600,2026-05-10,https://www.city.sagamihara.kanagawa.jp/kurashi/gomi/sodaigomi/,,,,,2027-04
14201,神奈川県,横須賀市,B,○,37,520,4300,2026-05-10,https://www.city.yokosuka.kanagawa.jp/1810/sodaigomi/,,,,,2027-04
14203,神奈川県,平塚市,B,○,45,500,1500,2026-05-10,https://www.city.hiratsuka.kanagawa.jp/kankyo/category/52-12-0-0-0-0-0-0-0-0.html,,,,,2027-04
14204,神奈川県,鎌倉市,C,○,42,300,1200,2026-05-10,https://www.city.kamakura.kanagawa.jp/gomi/sodaigomi.html,,,,,2027-04
14205,神奈川県,藤沢市,B,○,45,500,1000,2026-05-10,https://www.city.fujisawa.kanagawa.jp/kankyou/gomi/sodaigomi/,,,,,2027-04
14206,神奈川県,小田原市,C,○,38,1000,1000,2026-05-10,https://www.city.odawara.kanagawa.jp/public/kankyou/gomi/sodaigomi/,,,,,2027-04
14207,神奈川県,茅ヶ崎市,B,○,40,700,1400,2026-05-10,https://www.city.chigasaki.kanagawa.jp/kankyo/gomi/sodaigomi/,,,,,2027-04
14208,神奈川県,逗子市,C,○,44,600,1200,2026-05-10,https://www.city.zushi.kanagawa.jp/div/kankyouseisaku/gomi/,,,,,2027-04
14210,神奈川県,厚木市,B,○,38,500,2500,2026-05-10,https://www.city.atsugi.kanagawa.jp/kurashi/kankyou/gomi/sodaigomi/,,,,,2027-04
14211,神奈川県,大和市,B,○,37,650,650,2026-05-10,https://www.city.yamato.kanagawa.jp/kankyo-gomi/sodaigomi/,,,,,2027-04
14212,神奈川県,伊勢原市,C,○,42,500,1000,2026-05-10,https://www.city.isehara.kanagawa.jp/docs/2013091900015/,,,,,2027-04
14213,神奈川県,海老名市,C,○,42,500,1000,2026-05-10,https://www.city.ebina.kanagawa.jp/kurashi/gomi/sodaigomi/,,,,,2027-04
14214,神奈川県,座間市,C,○,42,500,500,2026-05-10,https://www.city.zama.kanagawa.jp/kurashi/gomi/sodaigomi/,,,,,2027-04
14215,神奈川県,南足柄市,C,○,52,500,700,2026-05-10,https://www.city.minamiashigara.kanagawa.jp/kankyou/gomi/sodaigomi/,,,,,2027-04
14216,神奈川県,綾瀬市,C,○,38,500,500,2026-05-10,https://www.city.ayase.kanagawa.jp/kurashi_guide/gomi/sodaigomi/,,,,,2027-04
15100,新潟県,新潟市,A,○,27,100,500,2026-05-20,https://www.city.niigata.lg.jp/kurashi/gomi/gomishigen/gomidasi/niigata/ryoukinichiran.html,,,,,2027-04
15202,新潟県,長岡市,B,○,31,200,1000,2026-05-20,https://www.city.nagaoka.niigata.jp/kurashi/cate08/sodai-gomi.html,,,,,2027-04
15204,新潟県,三条市,C,○,46,200,2000,2026-05-20,https://www.city.sanjo.niigata.jp/,,,,,2027-04
15205,新潟県,柏崎市,C,○,43,200,2000,2026-05-20,https://www.city.kashiwazaki.niigata.jp/,,,,,2027-04
15206,新潟県,新発田市,C,○,43,200,2000,2026-05-20,https://www.city.shibata.lg.jp/,,,,,2027-04
15210,新潟県,十日町市,C,○,43,200,2000,2026-05-20,https://www.city.tokamachi.niigata.jp/,,,,,2027-04
15211,新潟県,見附市,C,○,43,200,2000,2026-05-20,https://www.city.mitsuke.niigata.jp/,,,,,2027-04
15212,新潟県,村上市,C,○,43,200,2000,2026-05-20,https://www.city.murakami.niigata.jp/,,,,,2027-04
15213,新潟県,燕市,C,○,43,200,2000,2026-05-20,https://www.city.tsubame.niigata.jp/,,,,,2027-04
15216,新潟県,糸魚川市,C,○,43,200,2000,2026-05-20,https://www.city.itoigawa.lg.jp/,,,,,2027-04
15222,新潟県,上越市,B,○,43,200,2000,2026-05-20,https://www.city.joetsu.niigata.jp/,,,,,2027-04
15225,新潟県,魚沼市,C,○,43,200,2000,2026-05-20,https://www.city.uonuma.lg.jp/,,,,,2027-04
15226,新潟県,南魚沼市,C,○,43,200,2000,2026-05-20,https://www.city.minamiuonuma.lg.jp/,,,,,2027-04
16201,富山県,富山市,B,○,15,2090,2090,2026-05-20,https://www.city.toyama.lg.jp/kurashi/gomi/1010228/1005357.html,,,,,2027-04
16202,富山県,高岡市,C,○,43,200,2000,2026-05-20,https://www.city.takaoka.toyama.jp/,,,,,2027-04
16204,富山県,魚津市,C,○,43,200,2000,2026-05-20,https://www.city.uozu.toyama.jp/,,,,,2027-04
16207,富山県,黒部市,C,○,43,200,2000,2026-05-20,https://www.city.kurobe.toyama.jp/,,,,,2027-04
16208,富山県,砺波市,C,○,43,200,2000,2026-05-20,https://www.city.tonami.toyama.jp/,,,,,2027-04
16210,富山県,南砺市,C,○,43,200,2000,2026-05-20,https://www.city.nanto.toyama.jp/,,,,,2027-04
16211,富山県,射水市,C,○,43,200,2000,2026-05-20,https://www.city.imizu.toyama.jp/,,,,,2027-04
17201,石川県,金沢市,B,○,28,500,1000,2026-05-20,https://www4.city.kanazawa.lg.jp/soshikikarasagasu/gomigenryosuishinka/gyomuannai/1/3/3/7598.html,,,,,2027-04
17203,石川県,小松市,C,○,43,200,2000,2026-05-20,https://www.city.komatsu.lg.jp/,,,,,2027-04
17206,石川県,加賀市,C,○,43,200,2000,2026-05-20,https://www.city.kaga.ishikawa.jp/,,,,,2027-04
17211,石川県,白山市,C,○,43,200,2000,2026-05-20,https://www.city.hakusan.ishikawa.jp/,,,,,2027-04
17212,石川県,能美市,C,○,43,200,2000,2026-05-20,https://www.city.nomi.ishikawa.jp/,,,,,2027-04
17213,石川県,野々市市,C,○,43,200,2000,2026-05-20,https://www.city.nonoichi.ishikawa.jp/,,,,,2027-04
18201,福井県,福井市,B,○,27,550,1980,2026-05-20,https://www.city.fukui.lg.jp/kurasi/kankyo/kgomi/sodai_kobetu.html,,,,,2027-04
18202,福井県,敦賀市,C,○,43,200,2000,2026-05-20,https://www.city.tsuruga.lg.jp/,,,,,2027-04
18205,福井県,大野市,C,○,43,200,2000,2026-05-20,https://www.city.ono.fukui.jp/,,,,,2027-04
18207,福井県,鯖江市,C,○,43,200,2000,2026-05-20,https://www.city.sabae.fukui.jp/,,,,,2027-04
18209,福井県,越前市,C,○,43,200,2000,2026-05-20,https://www.city.echizen.lg.jp/,,,,,2027-04
18210,福井県,坂井市,C,○,43,200,2000,2026-05-20,https://www.city.sakai.fukui.jp/,,,,,2027-04
19201,山梨県,甲府市,B,○,43,200,2000,2026-05-20,https://www.city.kofu.yamanashi.jp/kurashi/gomi/sodaigomi/,,,,,2027-04
19202,山梨県,富士吉田市,C,○,43,200,2000,2026-05-20,https://www.city.fujiyoshida.yamanashi.jp/,,,,,2027-04
19204,山梨県,都留市,C,○,43,200,2000,2026-05-20,https://www.city.tsuru.yamanashi.jp/,,,,,2027-04
19205,山梨県,山梨市,C,○,43,200,2000,2026-05-20,https://www.city.yamanashi.yamanashi.jp/,,,,,2027-04
19208,山梨県,南アルプス市,C,○,43,200,2000,2026-05-20,https://www.city.minami-alps.yamanashi.jp/,,,,,2027-04
19209,山梨県,北杜市,C,○,43,200,2000,2026-05-20,https://www.city.hokuto.yamanashi.jp/,,,,,2027-04
19210,山梨県,甲斐市,C,○,43,200,2000,2026-05-20,https://www.city.kai.yamanashi.jp/,,,,,2027-04
19211,山梨県,笛吹市,C,○,43,200,2000,2026-05-20,https://www.city.fuefuki.yamanashi.jp/,,,,,2027-04
19213,山梨県,甲州市,C,○,43,200,2000,2026-05-20,https://www.city.koshu.yamanashi.jp/,,,,,2027-04
19214,山梨県,中央市,C,○,43,200,2000,2026-05-20,https://www.city.chuo.yamanashi.jp/,,,,,2027-04
20201,長野県,長野市,B,○,24,40,400,2026-05-20,https://www.city.nagano.nagano.jp/n121500/contents/p000519.html,,,,,2027-04
20202,長野県,松本市,B,○,25,310,1040,2026-05-20,https://www.city.matsumoto.nagano.jp/soshiki/53/2854.html,,,,,2027-04
20203,長野県,上田市,C,○,43,200,2000,2026-05-20,https://www.city.ueda.nagano.jp/,,,,,2027-04
20204,長野県,岡谷市,C,○,43,200,2000,2026-05-20,https://www.city.okaya.lg.jp/,,,,,2027-04
20205,長野県,飯田市,C,○,43,200,2000,2026-05-20,https://www.city.iida.nagano.jp/,,,,,2027-04
20206,長野県,諏訪市,C,○,43,200,2000,2026-05-20,https://www.city.suwa.lg.jp/,,,,,2027-04
20209,長野県,伊那市,C,○,43,200,2000,2026-05-20,https://www.city.ina.nagano.jp/,,,,,2027-04
20211,長野県,中野市,C,○,43,200,2000,2026-05-20,https://www.city.nakano.nagano.jp/,,,,,2027-04
20214,長野県,茅野市,C,○,43,200,2000,2026-05-20,https://www.city.chino.lg.jp/,,,,,2027-04
20215,長野県,塩尻市,C,○,43,200,2000,2026-05-20,https://www.city.shiojiri.nagano.jp/,,,,,2027-04
20217,長野県,佐久市,C,○,43,200,2000,2026-05-20,https://www.city.saku.nagano.jp/,,,,,2027-04
20220,長野県,安曇野市,C,○,43,200,2000,2026-05-20,https://www.city.azumino.nagano.jp/,,,,,2027-04
21201,岐阜県,岐阜市,B,○,70,420,1260,2026-05-20,https://www.city.gifu.lg.jp/kurashi/gomi/1012143/1023796/1023801/index.html,,,,,2027-04
21202,岐阜県,大垣市,C,○,26,500,2000,2026-05-20,https://www.city.ogaki.lg.jp/kurashi/gomi/sodaigomi/index.html,,,,,2027-04
22100,静岡県,静岡市,A,○,62,,,2026-05-20,https://www.city.shizuoka.lg.jp/gomi/s000679.html,,,,,2027-04
22130,静岡県,浜松市,A,○,70,310,1240,2026-05-20,https://www.city.hamamatsu.shizuoka.jp/ippai/gomi/dashikata/dashikata/deteil.html,,,,,2027-04
22203,静岡県,沼津市,C,○,27,500,2000,2026-05-20,https://www.city.numazu.shizuoka.jp/kurashi/gomi/sodaigomi/index.html,,,,,2027-04
22210,静岡県,富士市,B,○,27,500,2000,2026-05-20,https://www.city.fuji.shizuoka.jp/kurashi/gomi/sodaigomi/index.html,,,,,2027-04
22214,静岡県,焼津市,C,○,26,500,2000,2026-05-20,https://www.city.yaizu.lg.jp/kurashi/gomi/sodaigomi/index.html,,,,,2027-04
22219,静岡県,磐田市,C,○,26,500,2000,2026-05-20,https://www.city.iwata.shizuoka.jp/kurashi/gomi/sodaigomi/index.html,,,,,2027-04
23100,愛知県,名古屋市,A,○,90,250,1500,2026-05-20,https://www.city.nagoya.jp/kurashi/gomi/1012183/1035058/1012184/1046468/index.html,,,,,2027-04
23201,愛知県,豊橋市,B,○,68,500,1500,2026-05-20,https://www.city.toyohashi.lg.jp/7394.htm,,,,,2027-04
23202,愛知県,岡崎市,B,○,68,900,1800,2026-05-20,https://www.city.okazaki.lg.jp/1100/1108/1151/p003024.html,,,,,2027-04
23203,愛知県,一宮市,B,○,43,500,2000,2026-05-20,https://www.city.ichinomiya.aichi.jp/kurashi/gomi/sodaigomi/1002027.html,,,,,2027-04
23208,愛知県,春日井市,B,○,33,500,2000,2026-05-20,https://www.city.kasugai.lg.jp/kurasi/gomi/sodaigomi/index.html,,,,,2027-04
23211,愛知県,豊田市,B,○,68,600,1200,2026-05-20,https://www.city.toyota.aichi.jp/kurashi/gomi/gomi/1003800.html,,,,,2027-04
23212,愛知県,安城市,C,○,32,500,2000,2026-05-20,https://www.city.anjo.aichi.jp/kurashi/gomi/sodaigomi/index.html,,,,,2027-04
23213,愛知県,西尾市,C,○,29,500,2000,2026-05-20,https://www.city.nishio.aichi.jp/kurashi/gomi/sodaigomi/index.html,,,,,2027-04
23215,愛知県,刈谷市,C,○,27,500,1000,2026-05-20,https://www.city.kariya.lg.jp/kurashi/gomi/sodaigomi/index.html,,,,,2027-04
23217,愛知県,小牧市,C,○,28,500,2000,2026-05-20,https://www.city.komaki.aichi.jp/kurashi/gomi/sodaigomi/index.html,,,,,2027-04
23220,愛知県,知多市,C,○,26,500,2000,2026-05-20,https://www.city.chita.aichi.jp/kurashi/gomi/sodaigomi/index.html,,,,,2027-04
23238,愛知県,長久手市,C,○,26,500,2000,2026-05-20,https://www.city.nagakute.lg.jp/kurashi/gomi/sodaigomi/index.html,,,,,2027-04
24201,三重県,津市,B,○,32,500,2000,2026-05-20,https://www.info.city.tsu.mie.jp/kurashi/gomi/sodaigomi/index.html,,,,,2027-04
24202,三重県,四日市市,B,○,64,1100,1100,2026-05-20,https://www.city.yokkaichi.lg.jp/www/contents/1001000001550/index.html,,,,,2027-04
24204,三重県,松阪市,C,○,26,500,2000,2026-05-20,https://www.city.matsusaka.mie.jp/kurashi/gomi/sodaigomi/index.html,,,,,2027-04
24205,三重県,鈴鹿市,C,○,26,500,2000,2026-05-20,https://www.city.suzuka.lg.jp/kurashi/gomi/sodaigomi/index.html,,,,,2027-04
25201,滋賀県,大津市,B,○,53,350,2800,2026-05-20,https://www.city.otsu.lg.jp/soshiki/030/1703/g/bumbetsu/28743.html,,,,,2027-04
25202,滋賀県,草津市,C,○,27,800,1500,2026-05-20,https://www.city.kusatsu.shiga.jp/kurashi/gomi/sodaigomi.html,,,,,2027-04
25203,滋賀県,彦根市,C,○,26,500,2000,2026-05-20,https://www.city.hikone.shiga.jp/soshiki/38/3033.html,,,,,2027-04
26100,京都府,京都市,A,○,60,400,2400,2026-05-20,https://www.ogomi-kyoto.jp/,,,,,2027-04
26202,京都府,宇治市,C,○,27,500,2000,2026-05-20,https://www.city.uji.kyoto.jp/soshiki/18/2049.html,,,,,2027-04
26206,京都府,亀岡市,C,○,26,500,2000,2026-05-20,https://www.city.kameoka.kyoto.jp/soshiki/11/1295.html,,,,,2027-04
26208,京都府,向日市,C,○,26,500,2000,2026-05-20,https://www.city.muko.lg.jp/kurashi/gomihaihu/gomitodai/sodaigomi.html,,,,,2027-04
26209,京都府,長岡京市,C,○,29,500,2000,2026-05-20,https://www.city.nagaokakyo.lg.jp/0000004028.html,,,,,2027-04
27100,大阪府,大阪市,A,○,34,200,1000,2026-05-10,https://www.city.osaka.lg.jp/kankyo/page/0000006476.html,,,,,2027-04
27140,大阪府,堺市,A,○,93,400,2000,2026-05-10,https://www.city.sakai.lg.jp/kurashi/gomi/sodaigomi/,,,,,2027-04
27201,大阪府,岸和田市,C,○,18,500,1000,2026-05-10,https://www.city.kishiwada.osaka.jp/soshiki/170/dasikata.html,,,,,2027-04
27202,大阪府,豊中市,B,○,28,400,2700,2026-05-10,https://www.city.toyonaka.osaka.jp/kurashi/gomi_risaikuru_bika/bunbetsu_dashikata/sodaigomi_dashikata.html,,,,,2027-04
27203,大阪府,池田市,C,○,18,300,1200,2026-05-10,https://www.city.ikeda.osaka.jp/soshiki/19/1011.html,,,,,2027-04
27204,大阪府,吹田市,B,○,13,,,2026-05-10,https://www.city.suita.osaka.jp/home/soshiki/div-kankyogesuidokyoku/kankyohozen/gomi/gomi_data/sodaigomi.html,,,,,2027-04
27205,大阪府,泉大津市,C,○,23,300,1200,2026-05-10,https://www.city.izumiotsu.lg.jp/soshiki/4/384.html,,,,,2027-04
27206,大阪府,高槻市,B,○,12,,,2026-05-10,https://www.city.takatsuki.osaka.jp/soshiki/42/sodaigomi.html,,,,,2027-04
27207,大阪府,貝塚市,C,○,13,500,1000,2026-05-10,https://www.city.kaizuka.lg.jp/kakuka/shiminseikatsu/haiki/menu/gomi/sodaigomi.html,,,,,2027-04
27208,大阪府,守口市,C,○,32,300,1800,2026-05-10,https://www.city.moriguchi.osaka.jp/kakukanoannai/kankyougesuidoubu/haikibututaisakuka/gomirecycle/gominodashikatashushunitsuite/1750.html,,,,,2027-04
27209,大阪府,枚方市,B,○,16,300,1800,2026-05-10,https://www.city.hirakata.osaka.jp/0000002820.html,,,,,2027-04
27210,大阪府,茨木市,B,○,15,,,2026-05-10,https://www.city.ibaraki.osaka.jp/kikou/sangyo/kankyoj/menu/sodaigomi.html,,,,,2027-04
27211,大阪府,八尾市,B,○,32,400,800,2026-05-10,https://www.city.yao.osaka.jp/kurashi_tetsuzuki/gomi_recycle/1003102/1003135/1003137.html,,,,,2027-04
27212,大阪府,泉佐野市,C,○,16,500,1000,2026-05-10,https://www.city.izumisano.lg.jp/kakuka/seikatsu/kankyo/menu/gomi/gomi_katei/1438582381136.html,,,,,2027-04
27213,大阪府,富田林市,C,○,15,,,2026-05-10,https://www.city.tondabayashi.lg.jp/soshiki/17/1995.html,,,,,2027-04
27214,大阪府,寝屋川市,B,○,14,270,810,2026-05-10,https://www.city.neyagawa.osaka.jp/organization_list/kankyo/kankyoujigyou/moti/1590626319945.html,,,,,2027-04
27215,大阪府,河内長野市,C,○,14,,,2026-05-10,https://www.city.kawachinagano.lg.jp/soshiki/15/1829.html,,,,,2027-04
27216,大阪府,松原市,C,○,23,300,1200,2026-05-10,https://www.city.matsubara.lg.jp/docs/page2804.html,,,,,2027-04
27217,大阪府,大東市,C,○,21,300,1200,2026-05-10,https://www.city.daito.lg.jp/soshiki/17/39298.html,,,,,2027-04
27218,大阪府,和泉市,B,○,96,300,1500,2026-05-10,https://www.city.osaka-izumi.lg.jp/kurasitetu/gomi_recycle/sodaigomi/1317281357111.html,,,,,2027-04
27219,大阪府,箕面市,C,○,14,,,2026-05-10,https://www.city.minoh.lg.jp/seibi/02_howto/03how_to_oogatagomi.html,,,,,2027-04
27220,大阪府,柏原市,C,○,17,300,1200,2026-05-10,https://www.city.kashiwara.osaka.jp/bunya/gomi_recycle/,,,,,2027-04
27221,大阪府,羽曳野市,C,○,17,300,8800,2026-05-10,https://www.city.habikino.lg.jp/soshiki/shiminjinken/kankyouhozen/seikan_eisei_gomi/index.html,,,,,2027-04
27222,大阪府,門真市,C,○,17,300,1200,2026-05-10,https://www.city.kadoma.osaka.jp/kurashi/gomi/9/5/22407.html,,,,,2027-04
27223,大阪府,摂津市,C,○,11,,,2026-05-10,https://www.city.settsu.osaka.jp/kurashi/kankyou/gomi/dashikata/index.html,,,,,2027-04
27224,大阪府,高石市,C,○,17,300,1200,2026-05-10,https://www.city.takaishi.lg.jp/kakuka/doboku/seikatu_kankyou_ka/gomi/gomi_syuusyuu.html,,,,,2027-04
27225,大阪府,藤井寺市,C,○,11,4380,8860,2026-05-10,https://www.city.fujiidera.lg.jp/soshiki/shiminseikatsu/kankyoeisei/gomi_shinyo/gomidashi/1387339564836.html,,,,,2027-04
27227,大阪府,東大阪市,A,○,5,400,800,2026-05-10,https://www.city.higashiosaka.lg.jp/soshiki/38/sodaigomi.html,,,,,2027-04
27228,大阪府,泉南市,C,○,13,500,1000,2026-05-10,https://www.city.sennan.lg.jp/kakuka/shiminseikatu/seiso/zenpan/gomi/gominobumbetsutodashikata/10527.html,,,,,2027-04
27229,大阪府,四條畷市,C,○,13,300,1200,2026-05-10,https://www.city.shijonawate.lg.jp/soshiki/16/15071.html,,,,,2027-04
27230,大阪府,交野市,C,○,37,300,1200,2026-05-10,https://www.city.katano.osaka.jp/docs/2022112200039/,,,,,2027-04
27231,大阪府,大阪狭山市,C,○,9,340,340,2026-05-10,https://www.city.osakasayama.osaka.jp/sosiki/siminseikatsubu/seikatsukankyogurupu/1/gomi/5/3/1411355157445.html,,,,,2027-04
27232,大阪府,阪南市,C,○,9,,,2026-05-10,https://www.city.hannan.lg.jp/kakuka/shimin/shigen1/bunbetu/1526609414614.html,,,,,2027-04
28100,兵庫県,神戸市,A,○,57,300,3000,2026-05-20,https://www.ogatagomi.city.kobe.lg.jp/,,,,,2027-04
28201,兵庫県,姫路市,B,○,52,,,2026-05-20,https://www.city.himeji.lg.jp/kurashi/0000026461.html,,,,,2027-04
28202,兵庫県,尼崎市,B,○,53,300,1800,2026-05-20,https://www.ogatagomi-amagasaki.jp/,,,,,2027-04
28203,兵庫県,西宮市,B,○,58,300,3600,2026-05-20,https://www.nishi.or.jp/kurashi/gomi/gominoshushu/seikatsugomi/ryokinhyo.html,,,,,2027-04
28204,兵庫県,伊丹市,C,○,26,500,2000,2026-05-20,https://www.city.itami.lg.jp/SOSIKI/KANKYO/GOMI/1516938988660.html,,,,,2027-04
28206,兵庫県,明石市,B,○,37,500,2500,2026-05-20,https://www.city.akashi.lg.jp/seisou/gm_sodai_ka/sodaigomi.html,,,,,2027-04
28210,兵庫県,加古川市,B,○,30,500,2000,2026-05-20,https://www.city.kakogawa.lg.jp/soshiki/43/1497.html,,,,,2027-04
28212,兵庫県,芦屋市,C,○,33,300,2400,2026-05-20,https://www.city.ashiya.lg.jp/kankyo/sodaigomi.html,,,,,2027-04
28215,兵庫県,宝塚市,B,○,28,500,2000,2026-05-20,https://www.city.takarazuka.hyogo.jp/gomi_risaikuru/1009424/1009425.html,,,,,2027-04
28216,兵庫県,川西市,C,○,28,500,2000,2026-05-20,https://www.city.kawanishi.hyogo.jp/soshiki/54/2186.html,,,,,2027-04
29201,奈良県,奈良市,B,○,55,,,2026-05-20,https://ogomi-nara.jp/,,,,,2027-04
29206,奈良県,橿原市,C,○,26,500,2000,2026-05-20,https://www.city.kashihara.nara.jp/living_scene/gomi_risaikuru/1/6422.html,,,,,2027-04
29212,奈良県,生駒市,C,○,26,500,2000,2026-05-20,https://www.city.ikoma.lg.jp/0000001698.html,,,,,2027-04
30201,和歌山県,和歌山市,B,○,55,,,2026-05-20,https://www.sodai-wakayama-city.jp/,,,,,2027-04
31201,鳥取県,鳥取市,B,○,41,300,1500,2026-05-20,https://www.city.tottori.lg.jp/,,,,,2027-04
31202,鳥取県,米子市,C,○,36,199,996,2026-05-20,https://www.city.yonago.lg.jp/,,,,,2027-04
31203,鳥取県,倉吉市,C,○,38,300,1500,2026-05-20,https://www.city.kurayoshi.lg.jp/,,,,,2027-04
31204,鳥取県,境港市,C,○,38,300,1500,2026-05-20,https://www.city.sakaiminato.lg.jp/,,,,,2027-04
32201,島根県,松江市,B,○,20,763,763,2026-05-20,https://www.city.matsue.lg.jp/soshikikarasagasu/kankyoenergybu_recycletoshisuishinka/5/5-2/244.html,,,,,2027-04
32202,島根県,浜田市,C,○,36,254,762,2026-05-20,https://www.city.hamada.shimane.jp/,,,,,2027-04
32203,島根県,出雲市,C,○,38,300,1500,2026-05-20,https://www.city.izumo.shimane.jp/,,,,,2027-04
32204,島根県,益田市,C,○,37,300,1500,2026-05-20,https://www.city.masuda.lg.jp/,,,,,2027-04
32205,島根県,大田市,C,○,37,300,1500,2026-05-20,https://www.city.ohda.lg.jp/,,,,,2027-04
32206,島根県,安来市,C,○,36,520,520,2026-05-20,https://www.city.yasugi.shimane.jp/,,,,,2027-04
32207,島根県,江津市,C,○,37,300,1500,2026-05-20,https://www.city.gotsu.lg.jp/,,,,,2027-04
32209,島根県,雲南市,C,○,37,300,1500,2026-05-20,https://www.city.unnan.shimane.jp/,,,,,2027-04
33100,岡山県,岡山市,A,○,38,200,1500,2026-05-20,https://www.city.okayama.jp/kurashi/0000005151.html,,,,,2027-04
33202,岡山県,倉敷市,B,○,25,200,1400,2026-05-20,https://www.city.kurashiki.okayama.jp/kurashi/kankyo/1003645/1013690/1003647/1003661.html,,,,,2027-04
33203,岡山県,津山市,C,○,40,300,1500,2026-05-20,https://www.city.tsuyama.lg.jp/,,,,,2027-04
33204,岡山県,玉野市,C,○,40,300,1500,2026-05-20,https://www.city.tamano.lg.jp/,,,,,2027-04
33205,岡山県,笠岡市,C,○,38,300,1500,2026-05-20,https://www.city.kasaoka.okayama.jp/,,,,,2027-04
33207,岡山県,井原市,C,○,37,,,2026-05-20,https://www.city.ibara.okayama.jp/,,,,,2027-04
33208,岡山県,総社市,C,○,41,300,1500,2026-05-20,https://www.city.soja.okayama.jp/,,,,,2027-04
33209,岡山県,高梁市,C,○,37,300,1500,2026-05-20,https://www.city.takahashi.lg.jp/,,,,,2027-04
33210,岡山県,新見市,C,○,36,70,420,2026-05-20,https://www.city.niimi.okayama.jp/,,,,,2027-04
33211,岡山県,備前市,C,○,38,300,1500,2026-05-20,https://www.city.bizen.lg.jp/,,,,,2027-04
33212,岡山県,瀬戸内市,C,○,38,300,1500,2026-05-20,https://www.city.setouchi.lg.jp/,,,,,2027-04
33213,岡山県,赤磐市,C,○,38,300,1500,2026-05-20,https://www.city.akaiwa.lg.jp/,,,,,2027-04
33214,岡山県,真庭市,C,○,37,300,1500,2026-05-20,https://www.city.maniwa.lg.jp/,,,,,2027-04
33215,岡山県,美作市,C,○,37,300,1500,2026-05-20,https://www.city.mimasaka.lg.jp/,,,,,2027-04
33216,岡山県,浅口市,C,○,37,300,1500,2026-05-20,https://www.city.asakuchi.lg.jp/,,,,,2027-04
34100,広島県,広島市,A,○,114,250,1250,2026-05-20,https://www.city.hiroshima.lg.jp/living/gomi-kankyo/1021277/1003072/1026095/1026097/1003174.html,,,,,2027-04
34202,広島県,呉市,B,○,46,250,1000,2026-05-20,https://www.city.kure.lg.jp/soshiki/47/gomi_sodai.html,,,,,2027-04
34203,広島県,竹原市,C,○,34,300,1000,2026-05-20,https://www.city.takehara.lg.jp/,,,,,2027-04
34204,広島県,三原市,C,○,34,300,1000,2026-05-20,https://www.city.mihara.hiroshima.jp/,,,,,2027-04
34205,広島県,尾道市,C,○,34,300,1000,2026-05-20,https://www.city.onomichi.hiroshima.jp/,,,,,2027-04
34207,広島県,福山市,B,○,19,,,2026-05-20,https://www.city.fukuyama.hiroshima.jp/site/kankyo/list76-122.html,,,,,2027-04
34208,広島県,府中市,C,○,33,300,1000,2026-05-20,https://www.city.fuchu.hiroshima.jp/,,,,,2027-04
34209,広島県,三次市,C,○,34,300,1000,2026-05-20,https://www.city.miyoshi.hiroshima.jp/,,,,,2027-04
34210,広島県,庄原市,C,○,31,300,1000,2026-05-20,https://www.city.shobara.hiroshima.jp/,,,,,2027-04
34211,広島県,大竹市,C,○,31,300,1000,2026-05-20,https://www.city.otake.hiroshima.jp/,,,,,2027-04
34212,広島県,東広島市,B,○,36,300,1000,2026-05-20,https://www.city.higashihiroshima.lg.jp/soshiki/42/18803.html,,,,,2027-04
34213,広島県,廿日市市,C,○,33,300,1000,2026-05-20,https://www.city.hatsukaichi.hiroshima.jp/,,,,,2027-04
34214,広島県,安芸高田市,C,○,31,300,1000,2026-05-20,https://www.city.akitakata.lg.jp/,,,,,2027-04
34215,広島県,江田島市,C,○,30,300,1000,2026-05-20,https://www.city.etajima.hiroshima.jp/,,,,,2027-04
35201,山口県,下関市,B,○,28,100,500,2026-05-20,https://www.eco.city.shimonoseki.yamaguchi.jp/,,,,,2027-04
35202,山口県,宇部市,C,○,34,300,1000,2026-05-20,https://www.city.ube.yamaguchi.jp/,,,,,2027-04
35203,山口県,山口市,B,○,38,419,1257,2026-05-20,https://www.city.yamaguchi.lg.jp/,,,,,2027-04
35204,山口県,萩市,C,○,32,310,830,2026-05-20,https://www.city.hagi.lg.jp/,,,,,2027-04
35206,山口県,防府市,C,○,32,300,1000,2026-05-20,https://www.city.hofu.yamaguchi.jp/,,,,,2027-04
35207,山口県,下松市,C,○,21,,,2026-05-20,https://www.city.kudamatsu.lg.jp/,,,,,2027-04
35208,山口県,岩国市,C,○,38,250,500,2026-05-20,https://www.city.iwakuni.lg.jp/,,,,,2027-04
35210,山口県,光市,C,○,31,300,1000,2026-05-20,https://www.city.hikari.lg.jp/,,,,,2027-04
35211,山口県,長門市,C,○,31,300,1000,2026-05-20,https://www.city.nagato.yamaguchi.jp/,,,,,2027-04
35212,山口県,柳井市,C,○,31,300,1000,2026-05-20,https://www.city.yanai.lg.jp/,,,,,2027-04
35213,山口県,美祢市,C,○,30,300,1000,2026-05-20,https://www.city.mine.lg.jp/,,,,,2027-04
35215,山口県,周南市,C,○,38,620,1560,2026-05-20,https://www.city.shunan.lg.jp/,,,,,2027-04
35216,山口県,山陽小野田市,C,○,36,500,500,2026-05-20,https://www.city.sanyo-onoda.lg.jp/,,,,,2027-04
36201,徳島県,徳島市,B,○,20,,,2026-05-20,https://www.city.tokushima.tokushima.jp/smph/kurashi/recycle/gomi/sodaigomi.html,,,,,2027-04
36202,徳島県,鳴門市,C,○,50,300,500,2026-06-09,https://www.city.naruto.lg.jp/docs/2025111000013/,,,,,2027-04
36203,徳島県,小松島市,C,○,50,300,500,2026-06-09,https://www.city.komatsushima.lg.jp/docs/2687277.html,,,,,2027-04
36204,徳島県,阿南市,C,○,48,300,500,2026-05-20,https://www.city.anan.tokushima.jp/,,,,,2027-04
36205,徳島県,吉野川市,C,○,34,500,1000,2026-05-20,https://www.city.yoshinogawa.tokushima.jp/,,,,,2027-04
36206,徳島県,阿波市,C,○,33,500,1000,2026-05-20,https://www.city.awa.tokushima.jp/,,,,,2027-04
36207,徳島県,美馬市,C,○,33,500,1000,2026-05-20,https://www.city.mima.lg.jp/,,,,,2027-04
36208,徳島県,三好市,C,○,33,500,1000,2026-05-20,https://www.city.miyoshi.tokushima.jp/,,,,,2027-04
37201,香川県,高松市,B,○,34,510,2040,2026-05-20,https://www.city.takamatsu.kagawa.jp/smph/kurashi/kurashi/gomi/rinjisodai/dashikata.html,,,,,2027-04
37202,香川県,丸亀市,C,○,53,300,700,2026-05-20,https://www.city.marugame.lg.jp/page/2390.html,,,,,2027-04
37203,香川県,坂出市,C,○,35,100,2000,2026-05-20,https://www.city.sakaide.lg.jp/soshiki/seikatukankyou/sodaigominii.html,,,,,2027-04
37204,香川県,善通寺市,C,○,35,300,900,2026-05-20,https://www.city.zentsuji.kagawa.jp/soshiki/9/sodaigomi.html,,,,,2027-04
37205,香川県,観音寺市,C,○,33,500,1000,2026-05-20,https://www.city.kanonji.lg.jp/,,,,,2027-04
37206,香川県,さぬき市,C,○,33,500,1000,2026-05-20,https://www.city.sanuki.kagawa.jp/,,,,,2027-04
37207,香川県,東かがわ市,C,○,33,500,1000,2026-05-20,https://www.city.higashikagawa.lg.jp/,,,,,2027-04
37208,香川県,三豊市,C,○,33,500,1000,2026-05-20,https://www.city.mitoyo.lg.jp/,,,,,2027-04
38201,愛媛県,松山市,B,○,22,,,2026-05-20,https://www.city.matsuyama.ehime.jp/kurashi/gomi/dashikata/sodaigomi.html,,,,,2027-04
38202,愛媛県,今治市,C,○,33,500,1000,2026-05-20,https://www.city.imabari.ehime.jp/,,,,,2027-04
38203,愛媛県,宇和島市,C,○,33,500,1000,2026-05-20,https://www.city.uwajima.ehime.jp/,,,,,2027-04
38204,愛媛県,八幡浜市,C,○,33,500,1000,2026-05-20,https://www.city.yawatahama.ehime.jp/,,,,,2027-04
38205,愛媛県,新居浜市,C,○,33,500,1000,2026-05-20,https://www.city.niihama.lg.jp/,,,,,2027-04
38206,愛媛県,西条市,C,○,36,300,900,2026-05-20,https://www.city.saijo.ehime.jp/soshiki/eisei/gominowakekata.html,,,,,2027-04
38207,愛媛県,大洲市,C,○,33,500,1000,2026-05-20,https://www.city.ozu.ehime.jp/,,,,,2027-04
38210,愛媛県,伊予市,C,○,33,500,1000,2026-05-20,https://www.city.iyo.lg.jp/,,,,,2027-04
38211,愛媛県,四国中央市,C,○,33,500,1000,2026-05-20,https://www.city.shikokuchuo.ehime.jp/,,,,,2027-04
38212,愛媛県,西予市,C,○,33,500,1000,2026-05-20,https://www.city.seiyo.ehime.jp/,,,,,2027-04
38213,愛媛県,東温市,C,○,33,500,1000,2026-05-20,https://www.city.toon.ehime.jp/,,,,,2027-04
39201,高知県,高知市,B,○,20,,,2026-05-20,https://www.city.kochi.kochi.jp/soshiki/64/gomi1-motikomi01.html,,,,,2027-04
39202,高知県,室戸市,C,○,33,500,1000,2026-05-20,https://www.city.muroto.kochi.jp/,,,,,2027-04
39203,高知県,安芸市,C,○,33,500,1000,2026-05-20,https://www.city.aki.kochi.jp/,,,,,2027-04
39204,高知県,南国市,C,○,33,500,1000,2026-05-20,https://www.city.nankoku.lg.jp/,,,,,2027-04
39205,高知県,土佐市,C,○,33,500,1000,2026-05-20,https://www.city.tosa.kochi.jp/,,,,,2027-04
39206,高知県,須崎市,C,○,33,500,1000,2026-05-20,https://www.city.susaki.lg.jp/,,,,,2027-04
39208,高知県,宿毛市,C,○,33,500,1000,2026-05-20,https://www.city.sukumo.kochi.jp/,,,,,2027-04
39209,高知県,土佐清水市,C,○,33,500,1000,2026-05-20,https://www.city.tosashimizu.kochi.jp/,,,,,2027-04
39210,高知県,四万十市,C,○,33,500,1000,2026-05-20,https://www.city.shimanto.lg.jp/,,,,,2027-04
39211,高知県,香南市,C,○,33,500,1000,2026-05-20,https://www.city.konan.kochi.jp/,,,,,2027-04
39212,高知県,香美市,C,○,33,500,1000,2026-05-20,https://www.city.kami.kochi.jp/,,,,,2027-04
40100,福岡県,北九州市,A,○,33,300,1000,2026-05-20,https://www.city.kitakyushu.lg.jp/contents/924_10259.html,,,,,2027-04
40130,福岡県,福岡市,A,○,34,300,1000,2026-05-20,https://www.city.fukuoka.lg.jp/kankyo/kateigomi/life/katei-bunbetsu/sodaigomi.html,,,,,2027-04
40203,福岡県,飯塚市,C,○,30,250,1000,2026-05-20,https://www.city.iizuka.lg.jp/site/garbage/2720.html,,,,,2027-04
40205,福岡県,久留米市,B,○,33,310,1270,2026-05-20,https://www.city.kurume.fukuoka.jp/,,,,,2027-04
40207,福岡県,行橋市,C,○,30,500,1000,2026-05-20,https://www.city.yukuhashi.fukuoka.jp/soshiki/30/1269.html,,,,,2027-04
40212,福岡県,春日市,C,○,30,500,1000,2026-05-20,https://www.city.kasuga.fukuoka.jp/kurashi/gomi/gomidashi/1001163/1001168.html,,,,,2027-04
40213,福岡県,大野城市,C,○,30,525,1050,2026-05-20,https://www.city.onojo.fukuoka.jp/s070/010/010/010/010/020/2423.html,,,,,2027-04
40216,福岡県,筑紫野市,C,○,30,500,1000,2026-05-20,https://www.city.chikushino.fukuoka.jp/site/gomi/3802.html,,,,,2027-04
40220,福岡県,太宰府市,C,○,30,500,1000,2026-05-20,https://www.city.dazaifu.lg.jp/soshiki/10/11647.html,,,,,2027-04
40222,福岡県,宗像市,C,○,30,530,1060,2026-05-20,https://www.city.munakata.lg.jp/w021/010/030/040/0250/201501270160.html,,,,,2027-04
41201,佐賀県,佐賀市,B,○,26,500,500,2026-05-20,https://www.city.saga.lg.jp/main/3036.html,,,,,2027-04
41202,佐賀県,唐津市,C,○,30,100,410,2026-05-20,https://www.city.karatsu.lg.jp/page/2408.html,,,,,2027-04
42201,長崎県,長崎市,B,○,31,523,1047,2026-05-20,https://www.city.nagasaki.lg.jp/page/3031.html,,,,,2027-04
42202,長崎県,佐世保市,B,○,33,520,1560,2026-05-20,https://www.city.sasebo.lg.jp/kankyo/recycl/sodaigomi.html,,,,,2027-04
43100,熊本県,熊本市,A,○,33,500,900,2026-05-20,https://www.city.kumamoto.jp/kankyo/kiji003552/index.html,,,,,2027-04
43202,熊本県,八代市,C,○,30,150,450,2026-05-20,https://www.city.yatsushiro.lg.jp/kiji0039012/index.html,,,,,2027-04
44201,大分県,大分市,B,○,29,1960,1960,2026-05-20,https://www.city.oita.oita.jp/kurashi/gomi/kategomi/wakekata/index.html,,,,,2027-04
44202,大分県,別府市,C,○,31,330,880,2026-05-20,https://www.city.beppu.oita.jp/seikatu/kankyou_gomi/g_siwake/sodai.html,,,,,2027-04
45201,宮崎県,宮崎市,B,○,33,500,2000,2026-05-20,https://www.city.miyazaki.miyazaki.jp/life/trash/fractionation/34204.html,,,,,2027-04
46201,鹿児島県,鹿児島市,B,○,33,350,700,2026-05-20,https://www.city.kagoshima.lg.jp/shigenseisaku/gomi/kate/dashikata/wakekata/sodaigomi.html,,,,,2027-04
47201,沖縄県,那覇市,B,○,35,300,1800,2026-05-20,https://www.city.naha.okinawa.jp/kurasitetuduki/gomirisaikuru/gomi/katei/KHAITAIsodaigomi.html,,,,,2027-04
47205,沖縄県,沖縄市,C,○,30,300,600,2026-05-20,https://www.city.okinawa.okinawa.jp/kurashi/gomi/gomikensaku/sodaigomi.html,,,,,2027-04
47206,沖縄県,浦添市,C,○,30,300,600,2026-05-20,https://www.city.urasoe.lg.jp/doc/610cdde91221e3489c6e3826/,,,,,2027-04
47208,沖縄県,宜野湾市,C,○,30,300,600,2026-05-20,https://www.city.ginowan.lg.jp/kurashi_tetsuzuki/sumai/1/3596.html,,,,,2027-04
47217,沖縄県,うるま市,C,○,30,300,300,2026-05-20,https://www.city.uruma.lg.jp/1006004000/contents/745.html,,,,,2027-04
